{
  "results": [
    {
      "command": "git-diff",
      "mean": 0.07291558501500002,
      "stddev": 0.0010046330064119318,
      "median": 0.07247953084,
      "user": 0.06372976500000002,
      "system": 0.00679471,
      "min": 0.07179209334,
      "max": 0.07560255234,
      "times": [
        0.07403063534000001,
        0.07268576034,
        0.07229746834,
        0.07196555134,
        0.07250842634,
        0.07248192634,
        0.07220551034,
        0.07232517634,
        0.07179209334,
        0.07230588534,
        0.07247713534000001,
        0.07222388534,
        0.07242188434,
        0.07207342734000001,
        0.07395800934,
        0.07311626034,
        0.07263046834,
        0.07476963434,
        0.07239976034000001,
        0.07260938534000001,
        0.07480421834,
        0.07244976034,
        0.07264188434,
        0.07214609334000001,
        0.07240484334000001,
        0.07460742634,
        0.07276571834000001,
        0.07468367634,
        0.07354401034000001,
        0.07199476034,
        0.07284713534000001,
        0.07268450934000001,
        0.07420775934000001,
        0.07237342734,
        0.07233530134,
        0.07186575934,
        0.07212717634,
        0.07560255234,
        0.07485930234,
        0.07239980234000001
      ],
      "memory_usage_byte": [
        44728320,
        44728320,
        44728320,
        44728320,
        44728320,
        44728320,
        44728320,
        44728320,
        44728320,
        44728320,
        44728320,
        44728320,
        44728320,
        44728320,
        44728320,
        44728320,
        44728320,
        44728320,
        44728320,
        44728320,
        44728320,
        44728320,
        44728320,
        44728320,
        44728320,
        44728320,
        44728320,
        44728320,
        44728320,
        44728320,
        44728320,
        44728320,
        44728320,
        44728320,
        44728320,
        44728320,
        44728320,
        44728320,
        44728320,
        44728320
      ],
      "exit_codes": [
        0,
        0,
        0,
        0,
        0,
        0,
        0,
        0,
        0,
        0,
        0,
        0,
        0,
        0,
        0,
        0,
        0,
        0,
        0,
        0,
        0,
        0,
        0,
        0,
        0,
        0,
        0,
        0,
        0,
        0,
        0,
        0,
        0,
        0,
        0,
        0,
        0,
        0,
        0,
        0
      ]
    },
    {
      "command": "git+delta",
      "mean": 0.07410584344,
      "stddev": 0.000971186625055561,
      "median": 0.07371765534000001,
      "user": 0.06998358999999998,
      "system": 0.010614384999999999,
      "min": 0.07310055134000001,
      "max": 0.07655738534,
      "times": [
        0.07385913434000001,
        0.07556292734,
        0.07471009334,
        0.07600442734000001,
        0.07359026034,
        0.07603863434000001,
        0.07418351034000001,
        0.07555171834,
        0.07377313434,
        0.07385238534,
        0.07377409334000001,
        0.07372175934000001,
        0.07341817734,
        0.07335876034000001,
        0.07380117734000001,
        0.07356246834,
        0.07555951034000001,
        0.07330667734,
        0.07655738534,
        0.07376638434,
        0.07327496834000001,
        0.07335155234,
        0.07342309334000001,
        0.07344501034,
        0.07537921834000001,
        0.07380855134000001,
        0.07333409334,
        0.07366905134000001,
        0.07310055134000001,
        0.07335376034,
        0.07549321834,
        0.07335201034000001,
        0.07349080234000001,
        0.07359159334000001,
        0.07559934334000001,
        0.07328317734,
        0.07371355134,
        0.07331663534,
        0.07476117734000001,
        0.07353975934000001
      ],
      "memory_usage_byte": [
        44728320,
        44728320,
        44728320,
        44728320,
        44728320,
        44728320,
        44728320,
        44728320,
        44728320,
        44728320,
        44728320,
        44728320,
        44728320,
        44728320,
        44728320,
        44728320,
        44728320,
        44728320,
        44728320,
        44728320,
        44728320,
        44728320,
        44728320,
        44728320,
        44728320,
        44728320,
        44728320,
        44728320,
        44728320,
        44728320,
        44728320,
        44728320,
        44728320,
        44728320,
        44728320,
        44728320,
        44728320,
        44728320,
        44728320,
        44728320
      ],
      "exit_codes": [
        0,
        0,
        0,
        0,
        0,
        0,
        0,
        0,
        0,
        0,
        0,
        0,
        0,
        0,
        0,
        0,
        0,
        0,
        0,
        0,
        0,
        0,
        0,
        0,
        0,
        0,
        0,
        0,
        0,
        0,
        0,
        0,
        0,
        0,
        0,
        0,
        0,
        0,
        0,
        0
      ]
    }
  ]
}
