{
  "results": [
    {
      "command": "diff",
      "mean": 0.015538858504999998,
      "stddev": 0.00022740254153012118,
      "median": 0.01552723248,
      "user": 0.012597625000000001,
      "system": 0.0021260999999999997,
      "min": 0.01508804498,
      "max": 0.016324127980000002,
      "times": [
        0.015604877980000001,
        0.01601066998,
        0.01577575398,
        0.015558419980000002,
        0.016324127980000002,
        0.01569900298,
        0.015348461980000002,
        0.015275502980000001,
        0.01536191998,
        0.015424502980000001,
        0.01576491998,
        0.01584333698,
        0.015701294980000002,
        0.015486211980000001,
        0.01562525298,
        0.015579585980000001,
        0.015579253979999999,
        0.01508804498,
        0.01542804498,
        0.01552979498,
        0.015358085980000002,
        0.015175252980000001,
        0.015494877980000002,
        0.01570637898,
        0.015407336980000002,
        0.01566579498,
        0.01549821098,
        0.01531354498,
        0.01539366998,
        0.01533012798,
        0.015777044980000002,
        0.015561378980000002,
        0.01567629498,
        0.01547575298,
        0.015382086980000001,
        0.01552466998,
        0.01553162898,
        0.01527891998,
        0.015598002980000001,
        0.01539629498
      ],
      "memory_usage_byte": [
        34537472,
        34537472,
        34537472,
        34537472,
        34537472,
        34537472,
        34537472,
        34537472,
        34537472,
        34537472,
        34537472,
        34537472,
        34537472,
        34537472,
        34537472,
        34537472,
        34537472,
        34537472,
        34537472,
        34537472,
        34537472,
        34537472,
        34537472,
        34537472,
        34537472,
        34537472,
        34537472,
        34537472,
        34537472,
        34537472,
        34537472,
        34537472,
        34537472,
        34537472,
        34537472,
        34537472,
        34537472,
        34537472,
        34537472,
        34537472
      ],
      "exit_codes": [
        0,
        0,
        0,
        0,
        0,
        0,
        0,
        0,
        0,
        0,
        0,
        0,
        0,
        0,
        0,
        0,
        0,
        0,
        0,
        0,
        0,
        0,
        0,
        0,
        0,
        0,
        0,
        0,
        0,
        0,
        0,
        0,
        0,
        0,
        0,
        0,
        0,
        0,
        0,
        0
      ]
    },
    {
      "command": "difft",
      "mean": 0.26927547828000004,
      "stddev": 0.003505788950937412,
      "median": 0.26885987798,
      "user": 0.24046254999999989,
      "system": 0.026430274999999996,
      "min": 0.26281104498,
      "max": 0.27707558598,
      "times": [
        0.27153025298,
        0.27213362798,
        0.26782083698,
        0.26693466998,
        0.26682862898,
        0.26596487798,
        0.26566087798,
        0.26724337798,
        0.26533300398,
        0.26758137798,
        0.27089116998,
        0.26839671098,
        0.26980925398,
        0.26879325298,
        0.27031158698,
        0.26906683698,
        0.27135562798,
        0.26700712798,
        0.26494604498,
        0.26805337898,
        0.26508875298,
        0.26632141998,
        0.26961566998,
        0.26874937798,
        0.27529383698,
        0.26892650298,
        0.26689200298,
        0.26281104498,
        0.26583621198,
        0.26325566998,
        0.27467083698,
        0.27358358698,
        0.26998725298,
        0.27264021098,
        0.27707558598,
        0.26930787897999997,
        0.27606158698,
        0.27357950298,
        0.27394591998,
        0.27171375298
      ],
      "memory_usage_byte": [
        186187776,
        186187776,
        186187776,
        187285504,
        187285504,
        187285504,
        187285504,
        187383808,
        187383808,
        187449344,
        187449344,
        187449344,
        187449344,
        187449344,
        187465728,
        187465728,
        187465728,
        187465728,
        187465728,
        187465728,
        187465728,
        187465728,
        187465728,
        187465728,
        187465728,
        187465728,
        187465728,
        187465728,
        187465728,
        187465728,
        187465728,
        187465728,
        187465728,
        189317120,
        189317120,
        189317120,
        189317120,
        189317120,
        189317120,
        189317120
      ],
      "exit_codes": [
        0,
        0,
        0,
        0,
        0,
        0,
        0,
        0,
        0,
        0,
        0,
        0,
        0,
        0,
        0,
        0,
        0,
        0,
        0,
        0,
        0,
        0,
        0,
        0,
        0,
        0,
        0,
        0,
        0,
        0,
        0,
        0,
        0,
        0,
        0,
        0,
        0,
        0,
        0,
        0
      ]
    }
  ]
}
