{
  "results": [
    {
      "command": "find",
      "mean": 0.026744107090000007,
      "stddev": 0.00041136347449374566,
      "median": 0.026847571440000002,
      "user": 0.0024543849999999995,
      "system": 0.024933934999999997,
      "min": 0.025741883440000002,
      "max": 0.02757613444,
      "times": [
        0.02644859244,
        0.02720567544,
        0.027151467440000004,
        0.02603121744,
        0.02691609244,
        0.02703617544,
        0.026604801440000003,
        0.02712488344,
        0.02626538444,
        0.026849342440000003,
        0.02709113444,
        0.026379009440000004,
        0.026744842440000003,
        0.026994342440000003,
        0.025741883440000002,
        0.02692684244,
        0.026886801440000004,
        0.02632842544,
        0.027156426440000003,
        0.026504467440000002,
        0.02667721744,
        0.02701330144,
        0.02629000944,
        0.027078217440000003,
        0.026256009440000002,
        0.026615426440000003,
        0.027051508440000004,
        0.02703617544,
        0.02677838444,
        0.02734959244,
        0.026370217440000003,
        0.02718592644,
        0.02691780044,
        0.026196176440000003,
        0.02710880044,
        0.02628317544,
        0.02757613444,
        0.02684580044,
        0.02610392644,
        0.026642675440000003
      ],
      "memory_usage_byte": [
        1966080,
        1966080,
        1966080,
        1966080,
        1966080,
        1966080,
        1966080,
        1966080,
        1966080,
        1966080,
        1966080,
        1966080,
        1966080,
        1966080,
        1966080,
        1966080,
        1966080,
        1966080,
        1966080,
        1966080,
        1966080,
        1966080,
        1966080,
        1966080,
        1966080,
        1966080,
        1966080,
        1966080,
        1966080,
        1966080,
        1966080,
        1966080,
        1966080,
        1966080,
        1966080,
        1966080,
        1966080,
        1966080,
        1966080,
        1966080
      ],
      "exit_codes": [
        0,
        0,
        0,
        0,
        0,
        0,
        0,
        0,
        0,
        0,
        0,
        0,
        0,
        0,
        0,
        0,
        0,
        0,
        0,
        0,
        0,
        0,
        0,
        0,
        0,
        0,
        0,
        0,
        0,
        0,
        0,
        0,
        0,
        0,
        0,
        0,
        0,
        0,
        0,
        0
      ]
    },
    {
      "command": "zoxide",
      "mean": 0.007721162215000002,
      "stddev": 0.0006481453828340932,
      "median": 0.0076180089400000005,
      "user": 0.00107951,
      "system": 0.0014343849999999996,
      "min": 0.006238384440000001,
      "max": 0.009238801440000001,
      "times": [
        0.008329217440000002,
        0.00844609244,
        0.008054384440000001,
        0.006953925440000001,
        0.007752967440000001,
        0.007247300440000002,
        0.00762313444,
        0.00743271744,
        0.008604592440000001,
        0.00738946744,
        0.00763746744,
        0.007527675440000001,
        0.00739621744,
        0.00768959244,
        0.009238801440000001,
        0.009043467440000001,
        0.008233717440000001,
        0.008253425440000002,
        0.00761705044,
        0.00837138444,
        0.008567258440000001,
        0.00744717544,
        0.007560925440000001,
        0.007502259440000001,
        0.007618967440000001,
        0.0074487584400000015,
        0.00749521744,
        0.007445008440000001,
        0.00762117644,
        0.0073039674400000015,
        0.007720884440000001,
        0.007358801440000002,
        0.00858205044,
        0.007427300440000001,
        0.00640025944,
        0.00769296744,
        0.00857238444,
        0.006238384440000001,
        0.0065156334400000016,
        0.00748450944
      ],
      "memory_usage_byte": [
        2211840,
        2211840,
        2211840,
        2211840,
        2211840,
        2211840,
        2211840,
        2211840,
        2211840,
        2211840,
        2211840,
        2211840,
        2211840,
        2211840,
        2211840,
        2211840,
        2211840,
        2211840,
        2211840,
        2211840,
        2211840,
        2211840,
        2211840,
        2211840,
        2211840,
        2211840,
        2211840,
        2211840,
        2211840,
        2211840,
        2211840,
        2211840,
        2211840,
        2211840,
        2211840,
        2211840,
        2211840,
        2211840,
        2211840,
        2211840
      ],
      "exit_codes": [
        0,
        0,
        0,
        0,
        0,
        0,
        0,
        0,
        0,
        0,
        0,
        0,
        0,
        0,
        0,
        0,
        0,
        0,
        0,
        0,
        0,
        0,
        0,
        0,
        0,
        0,
        0,
        0,
        0,
        0,
        0,
        0,
        0,
        0,
        0,
        0,
        0,
        0,
        0,
        0
      ]
    }
  ]
}
