{
  "results": [
    {
      "command": "cat",
      "mean": 0.002049546165,
      "stddev": 0.0003101884631037493,
      "median": 0.00204994394,
      "user": 0.0005381699999999999,
      "system": 0.0011975800000000004,
      "min": 0.0014472774399999998,
      "max": 0.0025520274399999997,
      "times": [
        0.0022299444399999997,
        0.0018988614399999995,
        0.0023103604399999996,
        0.0014808184399999996,
        0.00229719344,
        0.0025520274399999997,
        0.0017059444399999996,
        0.0018958194399999995,
        0.0023997354399999996,
        0.0019856524399999996,
        0.0017759434399999999,
        0.00238811044,
        0.0018309444399999997,
        0.00196165244,
        0.00205398544,
        0.0014472774399999998,
        0.00235615244,
        0.00237923544,
        0.0018335274400000001,
        0.00241311044,
        0.00247852744,
        0.0018321524399999996,
        0.0021495274399999996,
        0.0022661944399999996,
        0.0015824024399999997,
        0.0017443614400000002,
        0.0024259434400000003,
        0.0017852774399999996,
        0.0017911944399999998,
        0.00227169444,
        0.0016410274400000002,
        0.0021652364399999996,
        0.0022782354399999995,
        0.00168340244,
        0.00243244344,
        0.00216223644,
        0.00204590244,
        0.0016754854399999995,
        0.00241440244,
        0.00195990244
      ],
      "memory_usage_byte": [
        1966080,
        1966080,
        1966080,
        1966080,
        1966080,
        1966080,
        1966080,
        1966080,
        1966080,
        1966080,
        1966080,
        1966080,
        1966080,
        1966080,
        1966080,
        1966080,
        1966080,
        1966080,
        1966080,
        1966080,
        1966080,
        1966080,
        1966080,
        1966080,
        1966080,
        1966080,
        1966080,
        1966080,
        1966080,
        1966080,
        1966080,
        1966080,
        1966080,
        1966080,
        1966080,
        1966080,
        1966080,
        1966080,
        1966080,
        1966080
      ],
      "exit_codes": [
        0,
        0,
        0,
        0,
        0,
        0,
        0,
        0,
        0,
        0,
        0,
        0,
        0,
        0,
        0,
        0,
        0,
        0,
        0,
        0,
        0,
        0,
        0,
        0,
        0,
        0,
        0,
        0,
        0,
        0,
        0,
        0,
        0,
        0,
        0,
        0,
        0,
        0,
        0,
        0
      ]
    },
    {
      "command": "bat",
      "mean": 0.08309794929,
      "stddev": 0.0006199911784514085,
      "median": 0.08306546494,
      "user": 0.02666632,
      "system": 0.056407905,
      "min": 0.08183711044,
      "max": 0.08494836044,
      "times": [
        0.08273211044,
        0.08282806844,
        0.08297923544000001,
        0.08313152744,
        0.08382261144,
        0.08274652744,
        0.08494836044,
        0.08287548644,
        0.08354573544,
        0.08380569344,
        0.08343231944,
        0.08369706844,
        0.08342427744,
        0.08305336044,
        0.08314127744,
        0.08236015244,
        0.08303356944,
        0.08247898544,
        0.08333602744,
        0.08285094444,
        0.08289073644,
        0.08319327744,
        0.08183711044,
        0.08241673644,
        0.08295344344,
        0.08355677744000001,
        0.08247848544,
        0.08378615244,
        0.08258286044,
        0.08244327744,
        0.08372694444,
        0.08352440244,
        0.08359094444,
        0.08426227744,
        0.08307756944,
        0.08234402744,
        0.08248773544,
        0.08309265244,
        0.08200673644,
        0.08344248544
      ],
      "memory_usage_byte": [
        9551872,
        9551872,
        9551872,
        9551872,
        9551872,
        9551872,
        9551872,
        9551872,
        9551872,
        9551872,
        9551872,
        9551872,
        9551872,
        9551872,
        9551872,
        9551872,
        9551872,
        9551872,
        9551872,
        9551872,
        9551872,
        9551872,
        9551872,
        9551872,
        9551872,
        9551872,
        9551872,
        9551872,
        9551872,
        9551872,
        9551872,
        9551872,
        9551872,
        9551872,
        9551872,
        9551872,
        9568256,
        9568256,
        9568256,
        9568256
      ],
      "exit_codes": [
        0,
        0,
        0,
        0,
        0,
        0,
        0,
        0,
        0,
        0,
        0,
        0,
        0,
        0,
        0,
        0,
        0,
        0,
        0,
        0,
        0,
        0,
        0,
        0,
        0,
        0,
        0,
        0,
        0,
        0,
        0,
        0,
        0,
        0,
        0,
        0,
        0,
        0,
        0,
        0
      ]
    }
  ]
}
