{
  "results": [
    {
      "command": "find",
      "mean": 0.033122940815000015,
      "stddev": 0.0005653816905114539,
      "median": 0.03301311954,
      "user": 0.00441095,
      "system": 0.028146230000000005,
      "min": 0.03224234954,
      "max": 0.034746974539999996,
      "times": [
        0.03378201554,
        0.03387093254,
        0.03306489154,
        0.03350664054,
        0.03283434954,
        0.03444093254,
        0.03403930754,
        0.03314826554,
        0.03288301554,
        0.03284222354,
        0.032778307539999996,
        0.03320609854,
        0.03332997454,
        0.03224234954,
        0.03263059854,
        0.03323834854,
        0.03293947354,
        0.03273784954,
        0.03251276554,
        0.03339143254,
        0.03298322354,
        0.03287597354,
        0.03327901554,
        0.032500266539999996,
        0.03322709954,
        0.032248974539999996,
        0.032257016539999996,
        0.034746974539999996,
        0.03320201654,
        0.03349672354,
        0.032750516539999996,
        0.03281468254,
        0.03281234854,
        0.03295409954,
        0.033440932539999996,
        0.03250330754,
        0.03399884954,
        0.03304301554,
        0.03355168254,
        0.03281114054
      ],
      "memory_usage_byte": [
        1966080,
        1966080,
        1966080,
        1966080,
        1966080,
        1966080,
        1966080,
        1966080,
        1966080,
        1966080,
        1966080,
        1966080,
        1966080,
        1966080,
        1966080,
        1966080,
        1966080,
        1966080,
        1966080,
        1966080,
        1966080,
        1966080,
        1966080,
        1966080,
        1966080,
        1966080,
        1966080,
        1966080,
        1966080,
        1966080,
        1966080,
        1966080,
        1966080,
        1966080,
        1966080,
        1966080,
        1966080,
        1966080,
        1966080,
        1966080
      ],
      "exit_codes": [
        0,
        0,
        0,
        0,
        0,
        0,
        0,
        0,
        0,
        0,
        0,
        0,
        0,
        0,
        0,
        0,
        0,
        0,
        0,
        0,
        0,
        0,
        0,
        0,
        0,
        0,
        0,
        0,
        0,
        0,
        0,
        0,
        0,
        0,
        0,
        0,
        0,
        0,
        0,
        0
      ]
    },
    {
      "command": "fd",
      "mean": 0.017850976265,
      "stddev": 0.0009772928112996107,
      "median": 0.01777864054,
      "user": 0.021398649999999998,
      "system": 0.09859648000000001,
      "min": 0.015993766540000003,
      "max": 0.02027539054,
      "times": [
        0.01690568254,
        0.01630364054,
        0.01785359854,
        0.01854684854,
        0.01702730754,
        0.01884614054,
        0.01794643254,
        0.01737276554,
        0.018254974540000003,
        0.01825459854,
        0.01759247454,
        0.017959474540000003,
        0.01924255754,
        0.015993766540000003,
        0.01711372354,
        0.01751089054,
        0.017285432540000003,
        0.01950430754,
        0.018796266540000002,
        0.018578390540000003,
        0.016821224540000002,
        0.01886384954,
        0.018142973540000003,
        0.01679147354,
        0.016784932540000002,
        0.01711522454,
        0.01844805754,
        0.01930697454,
        0.02027539054,
        0.018718974540000002,
        0.016952057540000003,
        0.019199557540000002,
        0.016860516540000002,
        0.01770368254,
        0.01787847454,
        0.01767301554,
        0.01676264154,
        0.016893682540000003,
        0.01859893254,
        0.01735814054
      ],
      "memory_usage_byte": [
        7929856,
        8372224,
        8372224,
        8372224,
        8372224,
        8372224,
        8372224,
        8372224,
        8372224,
        8372224,
        8372224,
        8372224,
        8372224,
        8372224,
        8372224,
        8372224,
        8372224,
        8372224,
        8372224,
        8372224,
        8372224,
        8519680,
        8519680,
        8519680,
        8519680,
        8519680,
        8519680,
        8519680,
        8519680,
        8519680,
        8519680,
        8519680,
        8519680,
        8519680,
        8519680,
        8519680,
        8519680,
        8519680,
        8519680,
        8519680
      ],
      "exit_codes": [
        0,
        0,
        0,
        0,
        0,
        0,
        0,
        0,
        0,
        0,
        0,
        0,
        0,
        0,
        0,
        0,
        0,
        0,
        0,
        0,
        0,
        0,
        0,
        0,
        0,
        0,
        0,
        0,
        0,
        0,
        0,
        0,
        0,
        0,
        0,
        0,
        0,
        0,
        0,
        0
      ]
    }
  ]
}
