{
  "results": [
    {
      "command": "find+grep",
      "mean": 0.23918841364500004,
      "stddev": 0.00519694146342808,
      "median": 0.23768761652000003,
      "user": 0.01211582,
      "system": 0.22516441499999998,
      "min": 0.23457620002000001,
      "max": 0.25767590802,
      "times": [
        0.23457620002000001,
        0.23802786702,
        0.23653690802000002,
        0.23797786702,
        0.23660840802000002,
        0.24021282502000002,
        0.23818490902,
        0.23732370002,
        0.23951453402,
        0.23955978302,
        0.23860682502,
        0.23802507502,
        0.23732628302,
        0.23551361702,
        0.23827015902,
        0.23533257502000002,
        0.23773607502000002,
        0.23763915802000002,
        0.23675870002000002,
        0.23473728302000002,
        0.23701936702,
        0.23533820002,
        0.24017049202000001,
        0.23817261702,
        0.23609836702,
        0.23876886702,
        0.23604753402,
        0.23695165902,
        0.23696520002000002,
        0.23895424202,
        0.23706978302,
        0.23724628402,
        0.23459945002000002,
        0.24605449102000002,
        0.25767590802,
        0.25707311702,
        0.24721578302000002,
        0.24622265802,
        0.24503520002,
        0.23638857502000002
      ],
      "memory_usage_byte": [
        2916352,
        2916352,
        2916352,
        2916352,
        2916352,
        2916352,
        2916352,
        2916352,
        2916352,
        2916352,
        2916352,
        2916352,
        2916352,
        2916352,
        2916352,
        2916352,
        2916352,
        2916352,
        2916352,
        2916352,
        2916352,
        2916352,
        2916352,
        2916352,
        2916352,
        2916352,
        2916352,
        2916352,
        2916352,
        2916352,
        2916352,
        2916352,
        2916352,
        2916352,
        2916352,
        2916352,
        2916352,
        2916352,
        2916352,
        2916352
      ],
      "exit_codes": [
        0,
        0,
        0,
        0,
        0,
        0,
        0,
        0,
        0,
        0,
        0,
        0,
        0,
        0,
        0,
        0,
        0,
        0,
        0,
        0,
        0,
        0,
        0,
        0,
        0,
        0,
        0,
        0,
        0,
        0,
        0,
        0,
        0,
        0,
        0,
        0,
        0,
        0,
        0,
        0
      ]
    },
    {
      "command": "rg-glob",
      "mean": 0.06707134072000001,
      "stddev": 0.0008872010276682505,
      "median": 0.06702224152,
      "user": 0.026278494999999995,
      "system": 0.6070370399999999,
      "min": 0.06521940902,
      "max": 0.06898636602,
      "times": [
        0.06647211702,
        0.06705153302,
        0.06804240902,
        0.06599378302,
        0.06640586702,
        0.06659315902,
        0.06699295002,
        0.06728503402,
        0.06615915802,
        0.06716432502,
        0.06726390902,
        0.06757986602,
        0.06793503302,
        0.06618582502,
        0.06715065802,
        0.06657190802,
        0.06533570002,
        0.06640390802,
        0.06874945002,
        0.06723024202,
        0.06815940902,
        0.06776211702,
        0.06635340902,
        0.06601382502,
        0.06675374201999999,
        0.06829295001999999,
        0.06793199102,
        0.06873132502,
        0.06898636602,
        0.06668828302,
        0.06651249202,
        0.06693382502,
        0.06719586702,
        0.06672290802,
        0.06830490902,
        0.06659511702,
        0.06749511702,
        0.06655624202,
        0.06707749102,
        0.06521940902
      ],
      "memory_usage_byte": [
        7405568,
        7405568,
        7405568,
        7405568,
        7405568,
        7405568,
        7405568,
        7405568,
        7405568,
        7405568,
        7405568,
        7405568,
        7405568,
        7405568,
        7405568,
        7405568,
        7405568,
        7405568,
        7405568,
        7405568,
        7405568,
        7405568,
        7405568,
        7405568,
        7405568,
        7405568,
        7405568,
        7405568,
        7405568,
        7405568,
        7405568,
        7405568,
        7405568,
        7405568,
        7405568,
        7405568,
        7405568,
        7405568,
        7405568,
        7405568
      ],
      "exit_codes": [
        0,
        0,
        0,
        0,
        0,
        0,
        0,
        0,
        0,
        0,
        0,
        0,
        0,
        0,
        0,
        0,
        0,
        0,
        0,
        0,
        0,
        0,
        0,
        0,
        0,
        0,
        0,
        0,
        0,
        0,
        0,
        0,
        0,
        0,
        0,
        0,
        0,
        0,
        0,
        0
      ]
    }
  ]
}
