{
  "results": [
    {
      "command": "rg",
      "mean": 0.004000147770000001,
      "stddev": 0.00022196921627281262,
      "median": 0.00398988022,
      "user": 0.001986585,
      "system": 0.0014677150000000003,
      "min": 0.0035063377200000006,
      "max": 0.00446529672,
      "times": [
        0.0037601297200000007,
        0.00385683872,
        0.00374192172,
        0.004001921720000001,
        0.00426675572,
        0.004175087720000001,
        0.0042075887200000005,
        0.00398787972,
        0.00399188072,
        0.0037947137200000005,
        0.004155212720000001,
        0.0035063377200000006,
        0.00389096272,
        0.003837504720000001,
        0.003983213720000001,
        0.004283088720000001,
        0.00404000472,
        0.004232213720000001,
        0.00421717172,
        0.00407683772,
        0.003955504720000001,
        0.00445092172,
        0.0035859217200000003,
        0.0038673387200000003,
        0.003960629720000001,
        0.00402183872,
        0.0038485887200000006,
        0.0039851307200000005,
        0.0039812137200000005,
        0.004288962720000001,
        0.004171129720000001,
        0.0035504217200000004,
        0.0037076717200000006,
        0.00402512972,
        0.00391013072,
        0.004144921720000001,
        0.0039100887200000005,
        0.00413825572,
        0.00446529672,
        0.004029546720000001
      ],
      "memory_usage_byte": [
        5308416,
        5308416,
        5308416,
        5308416,
        5308416,
        5308416,
        5308416,
        5308416,
        5308416,
        5341184,
        5341184,
        5341184,
        5341184,
        5341184,
        5341184,
        5341184,
        5341184,
        5341184,
        5341184,
        5341184,
        5341184,
        5341184,
        5341184,
        5341184,
        5341184,
        5341184,
        5341184,
        5341184,
        5341184,
        5341184,
        5341184,
        5341184,
        5341184,
        5341184,
        5341184,
        5341184,
        5341184,
        5341184,
        5341184,
        5341184
      ],
      "exit_codes": [
        0,
        0,
        0,
        0,
        0,
        0,
        0,
        0,
        0,
        0,
        0,
        0,
        0,
        0,
        0,
        0,
        0,
        0,
        0,
        0,
        0,
        0,
        0,
        0,
        0,
        0,
        0,
        0,
        0,
        0,
        0,
        0,
        0,
        0,
        0,
        0,
        0,
        0,
        0,
        0
      ]
    },
    {
      "command": "fzf",
      "mean": 0.012411645645000004,
      "stddev": 0.0018451710893697835,
      "median": 0.011714067720000002,
      "user": 0.019635809999999997,
      "system": 0.005953465000000001,
      "min": 0.01022075472,
      "max": 0.017697004720000003,
      "times": [
        0.01080913072,
        0.01098762972,
        0.011360712720000003,
        0.01114283772,
        0.011126005720000002,
        0.010929588720000001,
        0.01140475472,
        0.01111612972,
        0.010618754720000002,
        0.011011671720000001,
        0.01127271372,
        0.010846338720000001,
        0.01022075472,
        0.01109108872,
        0.011359921720000003,
        0.010966629720000003,
        0.01080517172,
        0.010992879720000001,
        0.011605546720000002,
        0.011822588720000003,
        0.01156217172,
        0.014078380720000002,
        0.017697004720000003,
        0.01669625472,
        0.01704208772,
        0.013370338720000003,
        0.012600713720000004,
        0.01212725572,
        0.012417837720000002,
        0.012632004720000003,
        0.01324375472,
        0.012228713720000003,
        0.013358171720000003,
        0.014793296720000002,
        0.014798171720000003,
        0.01266800472,
        0.014251838720000003,
        0.014825254720000004,
        0.012110212720000003,
        0.012473505720000003
      ],
      "memory_usage_byte": [
        17743872,
        17743872,
        18006016,
        18006016,
        18006016,
        18006016,
        18006016,
        18006016,
        18006016,
        18006016,
        18006016,
        18006016,
        18006016,
        18006016,
        18186240,
        18186240,
        18186240,
        18186240,
        18186240,
        18186240,
        18186240,
        18186240,
        18186240,
        18186240,
        18186240,
        18186240,
        18186240,
        18186240,
        18186240,
        18186240,
        18186240,
        18186240,
        18186240,
        18186240,
        18186240,
        18186240,
        18186240,
        18186240,
        18186240,
        18186240
      ],
      "exit_codes": [
        0,
        0,
        0,
        0,
        0,
        0,
        0,
        0,
        0,
        0,
        0,
        0,
        0,
        0,
        0,
        0,
        0,
        0,
        0,
        0,
        0,
        0,
        0,
        0,
        0,
        0,
        0,
        0,
        0,
        0,
        0,
        0,
        0,
        0,
        0,
        0,
        0,
        0,
        0,
        0
      ]
    }
  ]
}
