{
  "results": [
    {
      "command": "curl",
      "mean": 0.010898806120000003,
      "stddev": 0.0007237654489261293,
      "median": 0.01093274242,
      "user": 0.00214874,
      "system": 0.003725440000000001,
      "min": 0.00987499292,
      "max": 0.013210533920000002,
      "times": [
        0.011677492920000001,
        0.011165866920000002,
        0.011001950920000001,
        0.01108732592,
        0.01117365992,
        0.010793825920000001,
        0.01024490892,
        0.010378367920000001,
        0.01020365892,
        0.009988700920000001,
        0.010313533920000001,
        0.01016249292,
        0.010969075920000002,
        0.01058586692,
        0.01160145092,
        0.01081099192,
        0.010408700920000001,
        0.011400950920000002,
        0.01110753492,
        0.011006617920000001,
        0.01095115892,
        0.01125265892,
        0.011014408920000001,
        0.01038278492,
        0.01007290892,
        0.011297409920000001,
        0.01013699292,
        0.01030057592,
        0.00987499292,
        0.01119686792,
        0.01016503392,
        0.01078528492,
        0.01099415892,
        0.01091432592,
        0.010520950920000001,
        0.010420325920000001,
        0.013210533920000002,
        0.011692741920000001,
        0.013108450920000002,
        0.01157670092
      ],
      "memory_usage_byte": [
        5193728,
        5193728,
        5193728,
        5193728,
        5193728,
        5193728,
        5193728,
        5193728,
        5193728,
        5193728,
        5193728,
        5193728,
        5193728,
        5193728,
        5193728,
        5193728,
        5193728,
        5193728,
        5193728,
        5193728,
        5193728,
        5193728,
        5193728,
        5193728,
        5193728,
        5193728,
        5193728,
        5193728,
        5193728,
        5193728,
        5193728,
        5193728,
        5193728,
        5193728,
        5193728,
        5193728,
        5193728,
        5193728,
        5193728,
        5193728
      ],
      "exit_codes": [
        0,
        0,
        0,
        0,
        0,
        0,
        0,
        0,
        0,
        0,
        0,
        0,
        0,
        0,
        0,
        0,
        0,
        0,
        0,
        0,
        0,
        0,
        0,
        0,
        0,
        0,
        0,
        0,
        0,
        0,
        0,
        0,
        0,
        0,
        0,
        0,
        0,
        0,
        0,
        0
      ]
    },
    {
      "command": "httpie",
      "mean": 0.161487958195,
      "stddev": 0.007008059399526598,
      "median": 0.16015426342,
      "user": 0.11951869000000004,
      "system": 0.032597564999999995,
      "min": 0.15557765892,
      "max": 0.19986857592,
      "times": [
        0.16647670092,
        0.16136620092,
        0.16085336792000002,
        0.16209282592000002,
        0.16143236692000001,
        0.16265674292,
        0.16155690892000002,
        0.16014045092,
        0.16016807592,
        0.15864690892,
        0.16722070092000002,
        0.19986857592,
        0.17462290992,
        0.15908403392,
        0.16027815892,
        0.15756949292,
        0.16052649192000001,
        0.16208328392000002,
        0.15602532592,
        0.15690474292,
        0.16198840892000002,
        0.15933136792000002,
        0.15921415892000002,
        0.15557765892,
        0.15919215892000002,
        0.15883340992,
        0.16137340892000002,
        0.16115199292000001,
        0.15812224292000002,
        0.15953590992,
        0.15968982592,
        0.15995249192,
        0.15944332592000002,
        0.15916649192000001,
        0.16070586792,
        0.15963774292000002,
        0.16073761792000002,
        0.15639232592000002,
        0.16044720092,
        0.15945045092000001
      ],
      "memory_usage_byte": [
        48218112,
        48218112,
        48218112,
        48218112,
        48218112,
        48234496,
        48234496,
        48234496,
        48234496,
        48234496,
        48234496,
        48234496,
        48234496,
        48234496,
        48234496,
        48234496,
        48234496,
        48234496,
        48234496,
        48234496,
        48234496,
        48234496,
        48234496,
        48234496,
        48234496,
        48234496,
        48234496,
        48234496,
        48234496,
        48234496,
        48234496,
        48234496,
        48234496,
        48234496,
        48234496,
        48234496,
        48234496,
        48234496,
        48234496,
        48234496
      ],
      "exit_codes": [
        0,
        0,
        0,
        0,
        0,
        0,
        0,
        0,
        0,
        0,
        0,
        0,
        0,
        0,
        0,
        0,
        0,
        0,
        0,
        0,
        0,
        0,
        0,
        0,
        0,
        0,
        0,
        0,
        0,
        0,
        0,
        0,
        0,
        0,
        0,
        0,
        0,
        0,
        0,
        0
      ]
    }
  ]
}
