{
  "results": [
    {
      "command": "jq-flatten",
      "mean": 0.59027409522,
      "stddev": 0.003293574575894932,
      "median": 0.58929073982,
      "user": 0.5844951199999999,
      "system": 0.004531439999999999,
      "min": 0.58606657332,
      "max": 0.60144824032,
      "times": [
        0.58866278232,
        0.5886896983200001,
        0.59150215732,
        0.59104040632,
        0.58942969832,
        0.58694086532,
        0.58968244832,
        0.5949789063200001,
        0.58704228232,
        0.59094007332,
        0.59225978132,
        0.58663728132,
        0.58630399032,
        0.59363665732,
        0.59093153132,
        0.59266428232,
        0.59047353132,
        0.58889719832,
        0.59849265732,
        0.59034907332,
        0.5883553233200001,
        0.58967278132,
        0.58732344832,
        0.59284374032,
        0.5895831983200001,
        0.58854028132,
        0.58846869832,
        0.58742223932,
        0.59544565632,
        0.58777607332,
        0.5882743233200001,
        0.58915178132,
        0.59440707332,
        0.59252069832,
        0.58892215732,
        0.58755265632,
        0.58855011432,
        0.60144824032,
        0.58908344832,
        0.58606657332
      ],
      "memory_usage_byte": [
        37027840,
        37027840,
        37027840,
        37027840,
        37027840,
        37027840,
        37027840,
        37027840,
        37027840,
        37027840,
        37027840,
        37027840,
        37027840,
        37027840,
        37027840,
        37027840,
        37027840,
        37027840,
        37027840,
        37027840,
        37027840,
        37027840,
        37027840,
        37027840,
        37027840,
        37027840,
        37027840,
        37027840,
        37027840,
        37027840,
        37027840,
        37027840,
        37027840,
        37027840,
        37027840,
        37027840,
        37027840,
        37027840,
        37027840,
        37027840
      ],
      "exit_codes": [
        0,
        0,
        0,
        0,
        0,
        0,
        0,
        0,
        0,
        0,
        0,
        0,
        0,
        0,
        0,
        0,
        0,
        0,
        0,
        0,
        0,
        0,
        0,
        0,
        0,
        0,
        0,
        0,
        0,
        0,
        0,
        0,
        0,
        0,
        0,
        0,
        0,
        0,
        0,
        0
      ]
    },
    {
      "command": "gron",
      "mean": 0.24556510969500006,
      "stddev": 0.008156885024479532,
      "median": 0.24320342732000003,
      "user": 0.30254347000000004,
      "system": 0.07477274,
      "min": 0.24048799032,
      "max": 0.28193824032,
      "times": [
        0.24243140632000001,
        0.24227544832000003,
        0.24419707332,
        0.24157065632000002,
        0.24421503132000003,
        0.24088832332000001,
        0.24196578132000002,
        0.28193824032,
        0.27520449032,
        0.24600899032000004,
        0.24244978132000003,
        0.24373665632000002,
        0.25105544832,
        0.25149782332,
        0.24354453132000004,
        0.24305549032,
        0.24297823932,
        0.24233219832000003,
        0.24885469832000004,
        0.24170694832000003,
        0.24411632332000002,
        0.24425874032000003,
        0.24521490632000004,
        0.24246998932000002,
        0.24325140632000003,
        0.24459169832000002,
        0.24971486532,
        0.24811569832000005,
        0.24231899032,
        0.24315544832000002,
        0.24217048932000002,
        0.24129769832000003,
        0.24082736432000001,
        0.24197336532000002,
        0.24588711432000002,
        0.24365523932000002,
        0.24159932332000003,
        0.24048799032,
        0.24213886532000004,
        0.24345161532000004
      ],
      "memory_usage_byte": [
        126500864,
        126500864,
        126500864,
        126500864,
        126500864,
        126500864,
        126500864,
        126500864,
        129253376,
        129253376,
        129253376,
        129253376,
        129253376,
        129253376,
        129253376,
        129253376,
        129253376,
        129253376,
        129253376,
        129253376,
        129253376,
        129253376,
        129253376,
        129253376,
        129253376,
        129253376,
        129253376,
        129253376,
        129253376,
        129253376,
        129253376,
        129253376,
        129253376,
        129253376,
        129253376,
        129253376,
        129253376,
        129253376,
        129253376,
        129253376
      ],
      "exit_codes": [
        0,
        0,
        0,
        0,
        0,
        0,
        0,
        0,
        0,
        0,
        0,
        0,
        0,
        0,
        0,
        0,
        0,
        0,
        0,
        0,
        0,
        0,
        0,
        0,
        0,
        0,
        0,
        0,
        0,
        0,
        0,
        0,
        0,
        0,
        0,
        0,
        0,
        0,
        0,
        0
      ]
    }
  ]
}
