{
  "results": [
    {
      "command": "python3",
      "mean": 0.17735669224500003,
      "stddev": 0.030899055575525036,
      "median": 0.16119583902,
      "user": 0.04235235,
      "system": 0.014842980000000002,
      "min": 0.15456075552,
      "max": 0.31239500552,
      "times": [
        0.18713433852,
        0.18628983952,
        0.18534613051999999,
        0.18415813152,
        0.18722825552,
        0.20292450652,
        0.19902988152,
        0.19633329752,
        0.19262163052,
        0.19995004752,
        0.22758463052,
        0.20630554752,
        0.20721913052,
        0.19837813052,
        0.31239500552,
        0.22695204752,
        0.16969838152,
        0.16666554751999998,
        0.16250179752,
        0.15828975552,
        0.15761379752,
        0.15724238052,
        0.15625846352,
        0.15617383952,
        0.15574450552,
        0.15988988052,
        0.16341783852,
        0.15728988152,
        0.15461496352,
        0.15680063151999998,
        0.15820421452,
        0.15607933852,
        0.15835913052,
        0.15609071452,
        0.15580633952,
        0.15456075552,
        0.15573000552,
        0.15701554752,
        0.15502646452,
        0.15534296352
      ],
      "memory_usage_byte": [
        32915456,
        32915456,
        32915456,
        32915456,
        32915456,
        32915456,
        33079296,
        33079296,
        33079296,
        33079296,
        33079296,
        33079296,
        33079296,
        33079296,
        33079296,
        33079296,
        33079296,
        33079296,
        33079296,
        33079296,
        33079296,
        33079296,
        33079296,
        33079296,
        33079296,
        33079296,
        33079296,
        33079296,
        33079296,
        33079296,
        33079296,
        33079296,
        33079296,
        33079296,
        33079296,
        33079296,
        33079296,
        33079296,
        33079296,
        33079296
      ],
      "exit_codes": [
        0,
        0,
        0,
        0,
        0,
        0,
        0,
        0,
        0,
        0,
        0,
        0,
        0,
        0,
        0,
        0,
        0,
        0,
        0,
        0,
        0,
        0,
        0,
        0,
        0,
        0,
        0,
        0,
        0,
        0,
        0,
        0,
        0,
        0,
        0,
        0,
        0,
        0,
        0,
        0
      ]
    },
    {
      "command": "jq",
      "mean": 0.04125131224500001,
      "stddev": 0.00024365117966290982,
      "median": 0.04123071402,
      "user": 0.03689954999999999,
      "system": 0.0035315550000000013,
      "min": 0.040781714520000005,
      "max": 0.04192042252000001,
      "times": [
        0.041630339520000004,
        0.04128450552,
        0.04119971452000001,
        0.04087800652,
        0.04177017252,
        0.04192042252000001,
        0.040952130520000005,
        0.04127204752,
        0.041155172520000005,
        0.04144396452,
        0.04161804752000001,
        0.041112881520000005,
        0.041283547520000005,
        0.04133742252000001,
        0.04123617252,
        0.041406506520000004,
        0.04156354752,
        0.041313589520000006,
        0.041498297520000005,
        0.04139100652,
        0.041233797520000004,
        0.041350672520000006,
        0.04109100652,
        0.04120538152,
        0.04097358852000001,
        0.041142505520000004,
        0.041001381520000005,
        0.04083321452,
        0.041121422520000006,
        0.04101792252000001,
        0.041076047520000006,
        0.041041006520000006,
        0.04115033952,
        0.040781714520000005,
        0.04115558852,
        0.04122733952,
        0.04141667252,
        0.04122763052,
        0.04135417252,
        0.04138358952000001
      ],
      "memory_usage_byte": [
        35487744,
        35487744,
        35487744,
        35487744,
        35487744,
        35487744,
        35487744,
        35487744,
        35487744,
        35487744,
        35487744,
        35487744,
        35487744,
        35487744,
        35487744,
        35487744,
        35487744,
        35487744,
        35487744,
        35487744,
        35487744,
        35487744,
        35487744,
        35487744,
        35487744,
        35487744,
        35487744,
        35487744,
        35487744,
        35487744,
        35487744,
        35487744,
        35487744,
        35487744,
        35487744,
        35487744,
        35487744,
        35487744,
        35487744,
        35487744
      ],
      "exit_codes": [
        0,
        0,
        0,
        0,
        0,
        0,
        0,
        0,
        0,
        0,
        0,
        0,
        0,
        0,
        0,
        0,
        0,
        0,
        0,
        0,
        0,
        0,
        0,
        0,
        0,
        0,
        0,
        0,
        0,
        0,
        0,
        0,
        0,
        0,
        0,
        0,
        0,
        0,
        0,
        0
      ]
    }
  ]
}
