{
  "results": [
    {
      "command": "sed",
      "mean": 0.07356010405,
      "stddev": 0.0011836809084519518,
      "median": 0.073333743,
      "user": 0.06415822000000002,
      "system": 0.006736690000000001,
      "min": 0.07246230499999999,
      "max": 0.079314055,
      "times": [
        0.073578347,
        0.079314055,
        0.073497347,
        0.073849847,
        0.073244305,
        0.07482468,
        0.073026514,
        0.073078055,
        0.07246230499999999,
        0.073952888,
        0.073818222,
        0.072704514,
        0.073256764,
        0.074078513,
        0.072697346,
        0.072557013,
        0.075152013,
        0.072743847,
        0.07398534699999999,
        0.073646472,
        0.072656972,
        0.073174555,
        0.073410722,
        0.07403018,
        0.072908472,
        0.072876264,
        0.07370293,
        0.074054055,
        0.074072846,
        0.072647346,
        0.074402305,
        0.073000847,
        0.072498139,
        0.074619638,
        0.072501514,
        0.074664596,
        0.072744305,
        0.07259093,
        0.073746347,
        0.072632805
      ],
      "memory_usage_byte": [
        2260992,
        2260992,
        2260992,
        2260992,
        2260992,
        2260992,
        2260992,
        2260992,
        2260992,
        2260992,
        2260992,
        2260992,
        2260992,
        2260992,
        2260992,
        2260992,
        2260992,
        2260992,
        2260992,
        2260992,
        2260992,
        2260992,
        2260992,
        2260992,
        2260992,
        2260992,
        2260992,
        2260992,
        2260992,
        2260992,
        2260992,
        2260992,
        2260992,
        2260992,
        2260992,
        2260992,
        2260992,
        2260992,
        2260992,
        2260992
      ],
      "exit_codes": [
        0,
        0,
        0,
        0,
        0,
        0,
        0,
        0,
        0,
        0,
        0,
        0,
        0,
        0,
        0,
        0,
        0,
        0,
        0,
        0,
        0,
        0,
        0,
        0,
        0,
        0,
        0,
        0,
        0,
        0,
        0,
        0,
        0,
        0,
        0,
        0,
        0,
        0,
        0,
        0
      ]
    },
    {
      "command": "sd",
      "mean": 0.0296746186,
      "stddev": 0.0008047456863507208,
      "median": 0.0296379095,
      "user": 0.023478444999999994,
      "system": 0.004339165,
      "min": 0.028261597000000003,
      "max": 0.032574555000000005,
      "times": [
        0.03031193,
        0.030378680000000005,
        0.030601055000000002,
        0.030408889,
        0.029806055000000005,
        0.02955518,
        0.030003264,
        0.029636597,
        0.029179263000000004,
        0.030062097000000003,
        0.030375305000000005,
        0.029738514,
        0.029536513,
        0.029787013,
        0.028904722,
        0.029456846000000002,
        0.032574555000000005,
        0.03124793,
        0.029718930000000005,
        0.030202555,
        0.030568347000000003,
        0.02974818,
        0.029834596000000005,
        0.029562513,
        0.028796430000000005,
        0.029088764000000003,
        0.028868055000000004,
        0.028934680000000004,
        0.029043513,
        0.029472347000000003,
        0.028975680000000004,
        0.028879014,
        0.028480222,
        0.028412055,
        0.028261597000000003,
        0.029572013,
        0.030018263000000003,
        0.029639222,
        0.029335555,
        0.030007805
      ],
      "memory_usage_byte": [
        2555904,
        2555904,
        2555904,
        2555904,
        2555904,
        2555904,
        2555904,
        2555904,
        2555904,
        2555904,
        2555904,
        2555904,
        2555904,
        2555904,
        2555904,
        2555904,
        2555904,
        2555904,
        2555904,
        2555904,
        2555904,
        2555904,
        2555904,
        2555904,
        2555904,
        2555904,
        2555904,
        2555904,
        2555904,
        2555904,
        2555904,
        2555904,
        2555904,
        2555904,
        2555904,
        2555904,
        2555904,
        2555904,
        2555904,
        2555904
      ],
      "exit_codes": [
        0,
        0,
        0,
        0,
        0,
        0,
        0,
        0,
        0,
        0,
        0,
        0,
        0,
        0,
        0,
        0,
        0,
        0,
        0,
        0,
        0,
        0,
        0,
        0,
        0,
        0,
        0,
        0,
        0,
        0,
        0,
        0,
        0,
        0,
        0,
        0,
        0,
        0,
        0,
        0
      ]
    }
  ]
}
