{
  "results": [
    {
      "command": "rg",
      "mean": 0.026777331104999996,
      "stddev": 0.0006264315419261254,
      "median": 0.02684454368,
      "user": 0.007990975,
      "system": 0.20123715499999997,
      "min": 0.02527393968,
      "max": 0.028007980680000003,
      "times": [
        0.02692089768,
        0.02679273168,
        0.02736693968,
        0.02664002268,
        0.02685227268,
        0.027876397679999998,
        0.02703356368,
        0.02627739768,
        0.02623539768,
        0.02585035668,
        0.02698360568,
        0.02680535568,
        0.02710248068,
        0.02541098168,
        0.027471105680000003,
        0.02700248068,
        0.028007980680000003,
        0.02619718968,
        0.02589110668,
        0.02663235568,
        0.02720877268,
        0.02624189768,
        0.02683681468,
        0.02608693968,
        0.02727493968,
        0.02724514768,
        0.02699302268,
        0.02705718868,
        0.02645323168,
        0.02670385668,
        0.02714231468,
        0.02679960668,
        0.02527393968,
        0.027634272680000002,
        0.02680306468,
        0.02624552268,
        0.02708289768,
        0.02594381468,
        0.02685714768,
        0.02785823068
      ],
      "memory_usage_byte": [
        8536064,
        8536064,
        8536064,
        8536064,
        8536064,
        8536064,
        8536064,
        8683520,
        8683520,
        8683520,
        8683520,
        8683520,
        8683520,
        8683520,
        8683520,
        8683520,
        8683520,
        8683520,
        8683520,
        8683520,
        8683520,
        8683520,
        8683520,
        8683520,
        8683520,
        8683520,
        8699904,
        8699904,
        8699904,
        8699904,
        8699904,
        8699904,
        8699904,
        8699904,
        8699904,
        8699904,
        8699904,
        8699904,
        8699904,
        8699904
      ],
      "exit_codes": [
        0,
        0,
        0,
        0,
        0,
        0,
        0,
        0,
        0,
        0,
        0,
        0,
        0,
        0,
        0,
        0,
        0,
        0,
        0,
        0,
        0,
        0,
        0,
        0,
        0,
        0,
        0,
        0,
        0,
        0,
        0,
        0,
        0,
        0,
        0,
        0,
        0,
        0,
        0,
        0
      ]
    },
    {
      "command": "rga",
      "mean": 0.030922386255,
      "stddev": 0.0007909280156729197,
      "median": 0.03102756418,
      "user": 0.012559049999999999,
      "system": 0.20143555499999993,
      "min": 0.02949181468,
      "max": 0.03251264768,
      "times": [
        0.02975031468,
        0.030375522680000003,
        0.02963648068,
        0.03170327268,
        0.03127181468,
        0.03060360668,
        0.03065514768,
        0.03141068968,
        0.03126706368,
        0.03015627268,
        0.02961398068,
        0.03075406368,
        0.03168323068,
        0.02949181468,
        0.03097239768,
        0.02980398068,
        0.03251264768,
        0.03147756468,
        0.030273022679999997,
        0.03190631468,
        0.03089535668,
        0.03109681468,
        0.029810105679999997,
        0.03074473068,
        0.031195564680000003,
        0.03072860568,
        0.03125643968,
        0.03173468868,
        0.030683814679999998,
        0.02967127268,
        0.03061989768,
        0.03148993968,
        0.03036452268,
        0.03234739768,
        0.03176598068,
        0.03220202268,
        0.03135998168,
        0.031173981679999997,
        0.031082730680000004,
        0.03135239768
      ],
      "memory_usage_byte": [
        9027584,
        9027584,
        9027584,
        9027584,
        9027584,
        9027584,
        9027584,
        9027584,
        9027584,
        9027584,
        9027584,
        9027584,
        9027584,
        9027584,
        9027584,
        9027584,
        9027584,
        9027584,
        9027584,
        9027584,
        9027584,
        9027584,
        9027584,
        9027584,
        9027584,
        9027584,
        9027584,
        9027584,
        9060352,
        9060352,
        9060352,
        9060352,
        9060352,
        9060352,
        9060352,
        9060352,
        9060352,
        9060352,
        9125888,
        9125888
      ],
      "exit_codes": [
        0,
        0,
        0,
        0,
        0,
        0,
        0,
        0,
        0,
        0,
        0,
        0,
        0,
        0,
        0,
        0,
        0,
        0,
        0,
        0,
        0,
        0,
        0,
        0,
        0,
        0,
        0,
        0,
        0,
        0,
        0,
        0,
        0,
        0,
        0,
        0,
        0,
        0,
        0,
        0
      ]
    }
  ]
}
