{
  "results": [
    {
      "command": "grep",
      "mean": 0.26843530019499995,
      "stddev": 0.01095551841598753,
      "median": 0.26562039512,
      "user": 0.007656979999999999,
      "system": 0.26062346500000005,
      "min": 0.26080489562000003,
      "max": 0.32812977062000004,
      "times": [
        0.28963068662,
        0.26414114462000005,
        0.26519206162000003,
        0.26569647862,
        0.26641001962000005,
        0.26720522862,
        0.32812977062000004,
        0.27146981162,
        0.26699514462,
        0.26374626962000003,
        0.27848752062000004,
        0.27883818662000004,
        0.26529089462000005,
        0.26463277062,
        0.26948406162000005,
        0.26609372862,
        0.26549201962,
        0.26530960262000003,
        0.26474647862,
        0.26544101962,
        0.26798472862,
        0.26405347862,
        0.26598368662000005,
        0.26583560262,
        0.26440039462000003,
        0.26554431162000003,
        0.26170268662,
        0.26491852062000004,
        0.26432631162000003,
        0.26619347862000003,
        0.26339564462000004,
        0.26757722862,
        0.26689560362000003,
        0.26288322762000005,
        0.26080489562000003,
        0.26324176962,
        0.26684381162000004,
        0.26457606162,
        0.26637168662000005,
        0.27144597862000003
      ],
      "memory_usage_byte": [
        4423680,
        4423680,
        4423680,
        4423680,
        4423680,
        4423680,
        4423680,
        4423680,
        4423680,
        4423680,
        4423680,
        4423680,
        4423680,
        4423680,
        4423680,
        4423680,
        4423680,
        4423680,
        4423680,
        4423680,
        4423680,
        4423680,
        4423680,
        4423680,
        4423680,
        4423680,
        4423680,
        4423680,
        4423680,
        4423680,
        4423680,
        4423680,
        4423680,
        4423680,
        4423680,
        4423680,
        4423680,
        4423680,
        4423680,
        4423680
      ],
      "exit_codes": [
        0,
        0,
        0,
        0,
        0,
        0,
        0,
        0,
        0,
        0,
        0,
        0,
        0,
        0,
        0,
        0,
        0,
        0,
        0,
        0,
        0,
        0,
        0,
        0,
        0,
        0,
        0,
        0,
        0,
        0,
        0,
        0,
        0,
        0,
        0,
        0,
        0,
        0,
        0,
        0
      ]
    },
    {
      "command": "rg",
      "mean": 0.09499218667,
      "stddev": 0.0020695535863189136,
      "median": 0.09499695762,
      "user": 0.021220505000000008,
      "system": 0.8962579150000002,
      "min": 0.09060739562,
      "max": 0.09968431162,
      "times": [
        0.09513739462000001,
        0.09271877062,
        0.09968431162,
        0.09431735262000002,
        0.09326972761999999,
        0.09514564562,
        0.09060739562,
        0.09441018662,
        0.09390272762000001,
        0.09456131162,
        0.09491497862,
        0.09544960362000002,
        0.09507893662,
        0.09642722862,
        0.09448281162,
        0.09802326961999999,
        0.09411022862000001,
        0.09487735262,
        0.09804002062,
        0.09171377062,
        0.09315039462,
        0.09723618662,
        0.09329997762,
        0.09434564462,
        0.09691110362,
        0.09589206162,
        0.09577685362000002,
        0.09769481162000002,
        0.09437072862000001,
        0.09479451962000002,
        0.09515901962000001,
        0.09077068662000001,
        0.09518551961999999,
        0.09696318662,
        0.09378535362000001,
        0.09542997862,
        0.09915335362,
        0.09599251962,
        0.09588664562000002,
        0.09101589562000001
      ],
      "memory_usage_byte": [
        12828672,
        12828672,
        12828672,
        12828672,
        12828672,
        12828672,
        12828672,
        13008896,
        13008896,
        13008896,
        13008896,
        13008896,
        13008896,
        13008896,
        13107200,
        13107200,
        13107200,
        13107200,
        13107200,
        13107200,
        13107200,
        13107200,
        13107200,
        13107200,
        13107200,
        13107200,
        13107200,
        13107200,
        13107200,
        13107200,
        13107200,
        13107200,
        13107200,
        13107200,
        13107200,
        13107200,
        13107200,
        13107200,
        13107200,
        13107200
      ],
      "exit_codes": [
        0,
        0,
        0,
        0,
        0,
        0,
        0,
        0,
        0,
        0,
        0,
        0,
        0,
        0,
        0,
        0,
        0,
        0,
        0,
        0,
        0,
        0,
        0,
        0,
        0,
        0,
        0,
        0,
        0,
        0,
        0,
        0,
        0,
        0,
        0,
        0,
        0,
        0,
        0,
        0
      ]
    }
  ]
}
