{
  "results": [
    {
      "command": "rg",
      "mean": 0.34514719958999984,
      "stddev": 0.07869752856383008,
      "median": 0.32629995184000005,
      "user": 0.049279019999999986,
      "system": 3.3986806950000004,
      "min": 0.25875895134000004,
      "max": 0.6756100353400001,
      "times": [
        0.33548874334,
        0.25875895134000004,
        0.31822357634000004,
        0.33459191034,
        0.30603136834000005,
        0.30271124334000005,
        0.33128061834000005,
        0.30464349334,
        0.31088524334,
        0.32030453534000003,
        0.33120561834,
        0.32237574334,
        0.32744245134000005,
        0.33466657634,
        0.32028624334000005,
        0.32354957634000003,
        0.31087320134,
        0.32629849334000005,
        0.33460278434,
        0.34014249334,
        0.34882841034,
        0.32982511834,
        0.31219753534000005,
        0.32438253434000003,
        0.35411061834,
        0.31833520134000004,
        0.31565703534,
        0.33557974334,
        0.32310116034,
        0.6756100353400001,
        0.41887341034000003,
        0.33671432634000004,
        0.42778057734,
        0.65095191034,
        0.31133849334,
        0.33381528534000005,
        0.32630141034000004,
        0.32526703434000004,
        0.32808770134000004,
        0.31476757734000005
      ],
      "memory_usage_byte": [
        8257536,
        8257536,
        8273920,
        8273920,
        8273920,
        8273920,
        8273920,
        8273920,
        8273920,
        8273920,
        8273920,
        8273920,
        8273920,
        8273920,
        8273920,
        8273920,
        8273920,
        8273920,
        8273920,
        8273920,
        8273920,
        8273920,
        8273920,
        8273920,
        8323072,
        8323072,
        8323072,
        8323072,
        8323072,
        8372224,
        8372224,
        8372224,
        8372224,
        8372224,
        8372224,
        8372224,
        8372224,
        8372224,
        8372224,
        8372224
      ],
      "exit_codes": [
        0,
        0,
        0,
        0,
        0,
        0,
        0,
        0,
        0,
        0,
        0,
        0,
        0,
        0,
        0,
        0,
        0,
        0,
        0,
        0,
        0,
        0,
        0,
        0,
        0,
        0,
        0,
        0,
        0,
        0,
        0,
        0,
        0,
        0,
        0,
        0,
        0,
        0,
        0,
        0
      ]
    },
    {
      "command": "ast-grep",
      "mean": 0.06646847353999999,
      "stddev": 0.0012820879163481377,
      "median": 0.06655530534,
      "user": 0.15231039499999996,
      "system": 0.4953438199999999,
      "min": 0.06414078533999999,
      "max": 0.07009920234,
      "times": [
        0.06663203434,
        0.06816728434,
        0.07009920234,
        0.06670374334,
        0.06961915934,
        0.06805882734,
        0.06754816034,
        0.06541574334,
        0.06605749334,
        0.06597382634,
        0.06647857634,
        0.06664003534,
        0.06792728434,
        0.06665486833999999,
        0.06487532734,
        0.06760582634,
        0.06503703534,
        0.06682774334,
        0.06685932734,
        0.06754965934,
        0.06685970234,
        0.06748749334,
        0.06725070134,
        0.06539582634,
        0.06680541034,
        0.06452007734,
        0.06569378533999999,
        0.06605040934,
        0.06500666034,
        0.06541678433999999,
        0.06414078533999999,
        0.06583586833999999,
        0.06581511833999999,
        0.06613182734,
        0.06561870134,
        0.06519795134,
        0.06584199334,
        0.06486645133999999,
        0.06680303534,
        0.06726920134
      ],
      "memory_usage_byte": [
        8421376,
        8421376,
        8421376,
        8421376,
        8421376,
        8421376,
        8437760,
        8437760,
        8437760,
        8437760,
        8437760,
        8437760,
        8437760,
        8437760,
        8437760,
        8437760,
        8437760,
        8437760,
        8437760,
        8437760,
        8437760,
        8503296,
        8503296,
        8503296,
        8503296,
        8503296,
        8503296,
        8503296,
        8503296,
        8503296,
        8503296,
        8503296,
        8503296,
        8503296,
        8503296,
        8503296,
        8503296,
        8503296,
        8503296,
        8503296
      ],
      "exit_codes": [
        0,
        0,
        0,
        0,
        0,
        0,
        0,
        0,
        0,
        0,
        0,
        0,
        0,
        0,
        0,
        0,
        0,
        0,
        0,
        0,
        0,
        0,
        0,
        0,
        0,
        0,
        0,
        0,
        0,
        0,
        0,
        0,
        0,
        0,
        0,
        0,
        0,
        0,
        0,
        0
      ]
    }
  ]
}
