{
  "results": [
    {
      "command": "make",
      "mean": 0.019437444065,
      "stddev": 0.03535338178000619,
      "median": 0.008386877339999998,
      "user": 0.0042443199999999985,
      "system": 0.005047065,
      "min": 0.007529710839999999,
      "max": 0.22639983584,
      "times": [
        0.00825675184,
        0.00811529384,
        0.00801854384,
        0.008406293839999999,
        0.007752960839999998,
        0.008297501839999999,
        0.00838896084,
        0.00831037684,
        0.008030460839999998,
        0.00843166984,
        0.007849668839999999,
        0.007930335839999999,
        0.008259460839999998,
        0.007977460839999999,
        0.00787816984,
        0.00826758584,
        0.007529710839999999,
        0.007764251839999998,
        0.00834462684,
        0.01641212784,
        0.01079787684,
        0.011553835839999999,
        0.010783002839999998,
        0.008384793839999998,
        0.008042293839999999,
        0.008551335839999999,
        0.00801108584,
        0.008157085839999998,
        0.009202543839999999,
        0.012829960839999998,
        0.05439200284,
        0.22639983584,
        0.03872675284,
        0.030062335840000003,
        0.02319083584,
        0.03312987684,
        0.02370108584,
        0.04269058584,
        0.01997966884,
        0.01868875284
      ],
      "memory_usage_byte": [
        1966080,
        1966080,
        1966080,
        1966080,
        1966080,
        1966080,
        1966080,
        1966080,
        1966080,
        1966080,
        1966080,
        1966080,
        1966080,
        1966080,
        1966080,
        1966080,
        1966080,
        1966080,
        1966080,
        1966080,
        1966080,
        1966080,
        1966080,
        1966080,
        1966080,
        1966080,
        1966080,
        1966080,
        1966080,
        1966080,
        1966080,
        1982464,
        1982464,
        1982464,
        1982464,
        1982464,
        1982464,
        1982464,
        1982464,
        1982464
      ],
      "exit_codes": [
        0,
        0,
        0,
        0,
        0,
        0,
        0,
        0,
        0,
        0,
        0,
        0,
        0,
        0,
        0,
        0,
        0,
        0,
        0,
        0,
        0,
        0,
        0,
        0,
        0,
        0,
        0,
        0,
        0,
        0,
        0,
        0,
        0,
        0,
        0,
        0,
        0,
        0,
        0,
        0
      ]
    },
    {
      "command": "just",
      "mean": 0.013607379565,
      "stddev": 0.007544938796315311,
      "median": 0.01075458584,
      "user": 0.004107195,
      "system": 0.005879239999999999,
      "min": 0.00906537784,
      "max": 0.04130404484,
      "times": [
        0.01026737784,
        0.01063966884,
        0.01096183584,
        0.010597501839999999,
        0.011376294839999999,
        0.01081783584,
        0.01178500284,
        0.01058766884,
        0.014096085839999998,
        0.01087437784,
        0.01054175284,
        0.011459960839999998,
        0.009883460839999999,
        0.01172346084,
        0.01069133584,
        0.010277293839999998,
        0.00988050284,
        0.00906537784,
        0.009859293839999998,
        0.00965216884,
        0.009794126839999999,
        0.009356543839999999,
        0.00971537684,
        0.00911779384,
        0.009909835839999999,
        0.009731293839999999,
        0.02223062684,
        0.03651691884,
        0.01364758584,
        0.01098191984,
        0.01093550284,
        0.010510293839999999,
        0.01162441884,
        0.01339321084,
        0.03231012784,
        0.01895791884,
        0.04130404484,
        0.02608050284,
        0.01031912784,
        0.01281975284
      ],
      "memory_usage_byte": [
        7471104,
        7471104,
        7471104,
        7471104,
        7471104,
        7471104,
        7471104,
        7471104,
        7471104,
        7471104,
        7471104,
        7471104,
        7471104,
        7471104,
        7471104,
        7471104,
        7471104,
        7471104,
        7471104,
        7471104,
        7471104,
        7471104,
        7471104,
        7471104,
        7471104,
        7471104,
        7471104,
        7471104,
        7471104,
        7471104,
        7471104,
        7471104,
        7471104,
        7471104,
        7471104,
        7471104,
        7471104,
        7471104,
        7471104,
        7471104
      ],
      "exit_codes": [
        0,
        0,
        0,
        0,
        0,
        0,
        0,
        0,
        0,
        0,
        0,
        0,
        0,
        0,
        0,
        0,
        0,
        0,
        0,
        0,
        0,
        0,
        0,
        0,
        0,
        0,
        0,
        0,
        0,
        0,
        0,
        0,
        0,
        0,
        0,
        0,
        0,
        0,
        0,
        0
      ]
    }
  ]
}
