{
  "results": [
    {
      "command": "ls",
      "mean": 0.037903762515000015,
      "stddev": 0.00038321443278909264,
      "median": 0.03787149994000001,
      "user": 0.008125964999999999,
      "system": 0.029109744999999992,
      "min": 0.037324104440000005,
      "max": 0.038784520440000005,
      "times": [
        0.03763810444000001,
        0.03773914544,
        0.03803797944000001,
        0.03758177044000001,
        0.038170604440000006,
        0.03803356244000001,
        0.03798839644000001,
        0.038784520440000005,
        0.038391812440000006,
        0.037706437440000004,
        0.03832556244000001,
        0.03734760444000001,
        0.037369270440000005,
        0.03838681244000001,
        0.038140520440000006,
        0.03824964644000001,
        0.037794271440000006,
        0.03823122944000001,
        0.038082478440000005,
        0.037786020440000005,
        0.037677646440000004,
        0.03812306244000001,
        0.03862831244000001,
        0.03789322944000001,
        0.03769118744000001,
        0.03760002044000001,
        0.037925562440000005,
        0.037324104440000005,
        0.03742097844000001,
        0.03742047944000001,
        0.03768135444000001,
        0.037849770440000007,
        0.03819643744000001,
        0.03748068744000001,
        0.037438228440000006,
        0.03747239644000001,
        0.038395979440000005,
        0.037521479440000005,
        0.038369229440000006,
        0.038254604440000006
      ],
      "memory_usage_byte": [
        1966080,
        1966080,
        1966080,
        1966080,
        1966080,
        1966080,
        1966080,
        1966080,
        1966080,
        1966080,
        1966080,
        1966080,
        1966080,
        1966080,
        1966080,
        1966080,
        1966080,
        1966080,
        1966080,
        1966080,
        1966080,
        1966080,
        1966080,
        1966080,
        1966080,
        1966080,
        1966080,
        1966080,
        1966080,
        1966080,
        1966080,
        1966080,
        1966080,
        1966080,
        1966080,
        1966080,
        1966080,
        1966080,
        1966080,
        1966080
      ],
      "exit_codes": [
        0,
        0,
        0,
        0,
        0,
        0,
        0,
        0,
        0,
        0,
        0,
        0,
        0,
        0,
        0,
        0,
        0,
        0,
        0,
        0,
        0,
        0,
        0,
        0,
        0,
        0,
        0,
        0,
        0,
        0,
        0,
        0,
        0,
        0,
        0,
        0,
        0,
        0,
        0,
        0
      ]
    },
    {
      "command": "eza",
      "mean": 0.09034305836499998,
      "stddev": 0.0007636489209225148,
      "median": 0.09045781244000001,
      "user": 0.029942064999999997,
      "system": 0.05944994499999999,
      "min": 0.08912814644,
      "max": 0.09244027044,
      "times": [
        0.09039435444,
        0.08984797844,
        0.09054918744,
        0.09078077044,
        0.09016956244,
        0.08917393744,
        0.08939485444,
        0.09045927144,
        0.08964327044,
        0.08925806244000001,
        0.09046506244000001,
        0.09007610444,
        0.09046731244,
        0.09060035444,
        0.08945731244,
        0.08912814644,
        0.08968706244,
        0.08956239544,
        0.09092168744,
        0.09113747944,
        0.08924397944,
        0.09055427144,
        0.09064210444,
        0.08983914544,
        0.09059147944,
        0.08978493744,
        0.08951631244000001,
        0.09095372944,
        0.09192539644,
        0.09187822944,
        0.09244027044,
        0.09116143744,
        0.09045635344,
        0.09025597944000001,
        0.09066664544,
        0.09065389544,
        0.09082856244,
        0.09034435444,
        0.08994106244,
        0.09087002144
      ],
      "memory_usage_byte": [
        7864320,
        7864320,
        7864320,
        7864320,
        7864320,
        7864320,
        7864320,
        7864320,
        7864320,
        7864320,
        7864320,
        7864320,
        7864320,
        7864320,
        7864320,
        7864320,
        7864320,
        7864320,
        7864320,
        7864320,
        7864320,
        7864320,
        7864320,
        7864320,
        7864320,
        7864320,
        7864320,
        7864320,
        7864320,
        7864320,
        7864320,
        7864320,
        7864320,
        7864320,
        7864320,
        7864320,
        7864320,
        7864320,
        7864320,
        7864320
      ],
      "exit_codes": [
        0,
        0,
        0,
        0,
        0,
        0,
        0,
        0,
        0,
        0,
        0,
        0,
        0,
        0,
        0,
        0,
        0,
        0,
        0,
        0,
        0,
        0,
        0,
        0,
        0,
        0,
        0,
        0,
        0,
        0,
        0,
        0,
        0,
        0,
        0,
        0,
        0,
        0,
        0,
        0
      ]
    }
  ]
}
