{
  "results": [
    {
      "command": "grep",
      "mean": 0.003490549180000001,
      "stddev": 0.00007466795494653272,
      "median": 0.003487395180000001,
      "user": 0.002377099999999999,
      "system": 0.0007970399999999999,
      "min": 0.003341020680000001,
      "max": 0.0036654786800000005,
      "times": [
        0.0036654786800000005,
        0.003631394680000001,
        0.0035259786800000007,
        0.003583186680000001,
        0.003452852680000001,
        0.003535978680000001,
        0.0035027276800000005,
        0.003413353680000001,
        0.0035453956800000005,
        0.003448686680000001,
        0.003395269680000001,
        0.0034916866800000007,
        0.0034817286800000007,
        0.003536227680000001,
        0.0034150616800000012,
        0.003538478680000001,
        0.0034299366800000005,
        0.003482144680000001,
        0.003566103680000001,
        0.003441811680000001,
        0.0034809786800000008,
        0.0034857706800000008,
        0.003379936680000001,
        0.0035148956800000013,
        0.003569311680000001,
        0.003426102680000001,
        0.003489019680000001,
        0.0035253116800000013,
        0.0035513116800000013,
        0.003547269680000001,
        0.0034283526800000007,
        0.003383144680000001,
        0.0034508116800000006,
        0.003470477680000001,
        0.0035420206800000006,
        0.003619561680000001,
        0.003352894680000001,
        0.003455978680000001,
        0.003524311680000001,
        0.003341020680000001
      ],
      "memory_usage_byte": [
        1966080,
        1966080,
        1966080,
        1966080,
        1966080,
        1966080,
        1966080,
        1966080,
        1966080,
        1966080,
        1966080,
        1966080,
        1966080,
        1966080,
        1966080,
        1966080,
        1966080,
        1966080,
        1966080,
        1966080,
        1966080,
        1966080,
        1966080,
        1966080,
        1966080,
        1966080,
        1966080,
        1966080,
        1966080,
        1966080,
        1966080,
        1966080,
        1966080,
        1966080,
        1966080,
        1966080,
        1966080,
        1966080,
        1966080,
        1966080
      ],
      "exit_codes": [
        0,
        0,
        0,
        0,
        0,
        0,
        0,
        0,
        0,
        0,
        0,
        0,
        0,
        0,
        0,
        0,
        0,
        0,
        0,
        0,
        0,
        0,
        0,
        0,
        0,
        0,
        0,
        0,
        0,
        0,
        0,
        0,
        0,
        0,
        0,
        0,
        0,
        0,
        0,
        0
      ]
    },
    {
      "command": "yq",
      "mean": 0.033579123105000004,
      "stddev": 0.00034447710894420515,
      "median": 0.033525728180000006,
      "user": 0.042738075,
      "system": 0.0064952649999999975,
      "min": 0.032962936680000006,
      "max": 0.03447331168,
      "times": [
        0.033251061680000006,
        0.03337189468000001,
        0.03356060368,
        0.03330122868,
        0.03350285368000001,
        0.033389644680000004,
        0.033122436680000006,
        0.03332793668,
        0.03354189468,
        0.03352789468,
        0.033491978680000006,
        0.03364418668,
        0.03363347868,
        0.03358081168,
        0.03352356168,
        0.033440186680000004,
        0.03413510268,
        0.03320785368,
        0.03356189468,
        0.03380281168,
        0.03388089568,
        0.03359431168,
        0.03438897868,
        0.03447331168,
        0.034020353680000004,
        0.033686852680000004,
        0.03334639468,
        0.034113728680000004,
        0.033924895680000004,
        0.03348647768,
        0.03353076968,
        0.03341068668,
        0.033357227680000004,
        0.03337706168,
        0.03415939468,
        0.033309769680000004,
        0.03316701968000001,
        0.033875020680000006,
        0.032962936680000006,
        0.033179519680000005
      ],
      "memory_usage_byte": [
        46104576,
        46235648,
        46235648,
        46235648,
        46235648,
        46235648,
        46235648,
        46235648,
        46235648,
        46235648,
        46235648,
        46235648,
        46235648,
        46235648,
        46235648,
        46235648,
        46579712,
        46579712,
        46579712,
        46579712,
        46579712,
        46579712,
        46579712,
        46579712,
        46579712,
        46579712,
        46579712,
        46727168,
        46727168,
        46727168,
        46727168,
        46727168,
        46727168,
        46727168,
        46727168,
        46727168,
        46727168,
        46956544,
        46956544,
        46956544
      ],
      "exit_codes": [
        0,
        0,
        0,
        0,
        0,
        0,
        0,
        0,
        0,
        0,
        0,
        0,
        0,
        0,
        0,
        0,
        0,
        0,
        0,
        0,
        0,
        0,
        0,
        0,
        0,
        0,
        0,
        0,
        0,
        0,
        0,
        0,
        0,
        0,
        0,
        0,
        0,
        0,
        0,
        0
      ]
    }
  ]
}
